吴振邦,920,2026-04-23 19:01:16
wzb,700,2026-04-29 18:54:49
ddd,670,2026-04-29 17:07:27
wzb,660,2026-04-29 17:01:12
匿名玩家,370,2026-04-23 19:02:33
player,370,2026-04-21 15:19:25
player,330,2026-04-21 15:13:39
匿名玩家,320,2026-04-29 19:30:52
匿名玩家,310,2026-04-29 19:29:35
匿名玩家,310,2026-04-29 19:24:28
匿名玩家,130,2026-04-29 19:39:29
匿名玩家,100,2026-04-29 18:56:09
player,90,2026-04-21 15:11:43
吴振邦,70,2026-04-22 16:53:56
player,50,2026-04-21 16:45:58
匿名玩家,30,2026-04-29 18:56:24
匿名玩家,0,2026-04-29 19:38:21
player,0,2026-04-21 16:46:49
