匿名玩家,640,2026-04-29 18:57:05
aaa,600,2026-04-29 17:04:51
匿名玩家,470,2026-04-29 19:13:34
匿名玩家,460,2026-04-29 19:10:19
ppp,350,2026-04-29 17:05:30
匿名玩家,340,2026-04-29 17:15:49
匿名玩家,310,2026-04-29 18:53:42
匿名玩家,290,2026-04-29 19:19:30
匿名玩家,240,2026-04-29 17:14:38
匿名玩家,230,2026-04-29 19:14:59
wzb,170,2026-04-29 17:03:28
匿名玩家,150,2026-04-29 19:28:34
匿名玩家,140,2026-04-29 19:38:45
wzb,130,2026-04-29 17:02:44
匿名玩家,120,2026-04-29 19:18:21
匿名玩家,120,2026-04-29 18:57:40
匿名玩家,120,2026-04-29 17:02:16
匿名玩家,100,2026-04-29 17:09:17
匿名玩家,90,2026-04-29 17:15:03
wzb,80,2026-04-29 17:00:14
匿名玩家,60,2026-04-29 19:19:44
匿名玩家,50,2026-04-29 17:04:02
匿名玩家,30,2026-04-29 19:19:53
wzb,30,2026-04-29 17:06:21
匿名玩家,20,2026-04-29 18:53:50
lxy,20,2026-04-23 18:59:39
匿名玩家,10,2026-04-29 19:20:05
